{
  "entity": "Position aggregation",
  "dataReader":[
    {
      "dataSourceKey": "SunTecDB",
      "dataReaderType":"Postgres",
      "dbUrl":"jdbc:postgresql://localhost:5432/postgres",
      "secertPath":""
    },
    {
      "dataSourceKey": "NextGenDB",
      "dataReaderType":"Postgres",
      "dbUrl":"jdbc:postgresql://localhost:5432/postgres",
      "secertPath":""
    },
    {
      "dataSourceKey": "nextGenS3Input",
      "dataReaderType":"S3File",
      "filePath":"data/prodParallelInputData/test.csv"
    },
    {
      "dataSourceKey": "nextGenS3Output",
      "dataReaderType":"S3File",
      "filePath":"s3a://********"
    },
    {
      "dataSourceKey": "feeScheduledAPI",
      "dataReaderType":"API",
      "urlPath":"https://********"
    }
  ],
  "prodParallelInput":{
    "fileSource":"nextGenS3Input",
    "fileType":"csv",
    "columns":["diffType","IsThereAnyDifference","ACCOUNT_NUM_FNB_NEW","ACCOUNT_NUM_SUNTEC"],
    "filter":[
      "diffType = 'Both'",
      "IsThereAnyDifference != 'Equal'"
    ],
    "conditionParamForAutoReasoning": "ACCOUNT_NUM_FNB_NEW => account_no"
  },
  "autoReasoning":[
    {
      "column":"MKT_VAL",
      "autoReasoningSequence":[
        {
          "leftDataSource":{
            "dataSourceKey":"SunTecDB",
            "query":"SELECT account_no, mkt_value FROM public.test_suntec_table",
            "sparkViewName":"sunTecPositionAggregationTable"
          },
          "rightDataSource":{
            "dataSourceKey":"NextGenDB",
            "query":"SELECT account_no, mkt_value FROM public.test_suntec_table",
            "sparkViewName":"nextGenPositionAggregationTable"
          },
          "keyColumns": "account_no",
          "compareColumns": "mkt_value"
        }

      ],
      "resultFile":"nextGenS3Output"
    },
    {
      "column":"Due_Amount",
      "autoReasoningSequence":[
        {
          "leftDataSource":{
            "dataSourceKey":"SunTecDB",
            "query":"SELECT account_no, mkt_value FROM public.test_suntec_table",
            "sparkViewName":"sunTecDueAmountTable"
          },
          "rightDataSource":{
            "dataSourceKey":"NextGenDB",
            "query":"SELECT account_no, mkt_value FROM public.test_suntec_table",
            "sparkViewName":"nextGenDueAmountTable"
          },
          "keyColumns": "account_no",
          "compareColumns": "mkt_value"
        },
        {
          "leftDataSource":{
            "dataSourceKey":"SunTecDB",
            "query":"SELECT account_no, mkt_value FROM public.test_suntec_table",
            "sparkViewName":"sunTecDueAmountTable"
          },
          "rightDataSource":{
            "dataSourceKey":"NextGenDB",
            "query":"SELECT account_no, mkt_value FROM public.test_suntec_table",
            "sparkViewName":"nextGenDueAmountTable"
          },
          "keyColumns": "account_no",
          "compareColumns": "mkt_value"
        }
      ],
      "resultFile":"nextGenS3Output"
    }
  ]
}