{
  "entity": "Position aggregation",
  "dataReader":[
    {
      "dataSourceKey": "SunTecDB",
      "dataReaderType":"Oracle",
      "dbUrl":"jdbc://*********",
      "secertPath":""
    },
    {
      "dataSourceKey": "NextGenDB",
      "dataReaderType":"Postgres",
      "dbUrl":"jdbc://******",
      "secertPath":""
    },
    {
      "dataSourceKey": "nextGenS3Iutput",
      "dataReaderType":"S3File",
      "filePath":"s3a://********"
    },
    {
      "dataSourceKey": "nextGenS3Output",
      "dataReaderType":"S3File",
      "filePath":"s3a://********"
    },
    {
      "dataSourceKey": "feeScheduledAPI",
      "dataReaderType":"API",
      "urlPath":"https://********"
    }
  ],
  "prodParallelInput":{
    "fileSource":"nextGenS3Input",
    "fileType":"csv",
    "columns":["diffType","isThereAnyDifference","ACCOUNT_NUM_FNB_NEW","ACCOUNT_NUM_SUNTEC"],
    "filter":[
      "diffType='Both'",
      "isThereAnyDifference!='Equal'"
    ],
    "outputParam": "ACCOUNT_NUM_FNB_NEW"
  },
  "autoReasoning":[
    {
      "column":"MKT_VALUE",
      "autoReasoningSequence":[
        {
          "leftDataSource":{
            "dataSourceKey":"sunTecDB",
            "query":"select c1 as c1, c2 as c2 from SunTechTable where c1 = 'xxxx' and c2 = #outputParam#",
            "sparkViewName":"sunTecPositionAggregationTable"
          },
          "rightDataSource":{
            "dataSourceKey":"nextGenDB",
            "query":"select c1 as c1, c2 as c2 from NextGenTable where c1 = 'xxxx'and c2 = #outputParam# ",
            "sparkViewName":"nextGenPositionAggregationTable"
          }
        }

      ],
      "resultFile":"nextGenS3Output"
    },
    {
      "column":"Due_Amount",
      "autoReasoningSequence":[
        {
          "leftDataSource":{
            "dataSourceKey":"sunTecDB",
            "query":"select c1 as c1, c2 as c2 from SunTechTable where c1 = 'xxxx' and c2 = #outputParam#",
            "sparkViewName":"sunTecDueAmountTable"
          },
          "rightDataSource":{
            "dataSourceKey":"nextGenDB",
            "query":"select c1 as c1, c2 as c2 from NextGenTable where c1 = 'xxxx'and c2 = #outputParam# ",
            "sparkViewName":"nextGenDueAmountTable"
          }
        },
        {
          "leftDataSource":{
            "dataSourceKey":"sunTecDB",
            "query":"select c1 as c1, c2 as c2 from SunTechTable where c1 = 'xxxx' and c2 = #outputParam#",
            "sparkViewName":"sunTecDueAmountTable"
          },
          "rightDataSource":{
            "dataSourceKey":"nextGenDB",
            "query":"select c1 as c1, c2 as c2 from NextGenTable where c1 = 'xxxx' and c2 = #outputParam# ",
            "sparkViewName":"nextGenDueAmountTable"
          }
        },
        {
          "leftDataSource":{
            "dataSourceKey":"feeScheduledAPI",
            "query":"/***/***",
            "filter":"queryParam=#outputParam#",
            "sparkViewName":"sunTecDueAmountTable"
          },
          "rightDataSource":{
            "dataSourceKey":"nextGenDB",
            "query":"select c1 as c1, c2 as c2 from NextGenTable where c1 = 'xxxx' and c2 = #outputParam# ",
            "sparkViewName":"nextGenDueAmountTable"
          }
        }

      ],
      "resultFile":"nextGenS3Output"
    }
  ]
}