{
  "entity": "Position aggregation",
  "dataReader":[
    {
      "dataSourceKey": "SunTecDB",
      "dataReaderType":"Postgres",
      "dbUrl":"jdbc:postgresql://localhost:5432/postgres",
      "secertPath":""
    },
    {
      "dataSourceKey": "NextGenDB",
      "dataReaderType":"Postgres",
      "dbUrl":"jdbc:postgresql://localhost:5432/postgres",
      "secertPath":""
    },
    {
      "dataSourceKey": "nextGenS3Input",
      "dataReaderType":"S3File",
      "filePath":"data/prodParallelInputData/test.csv"
    },
    {
      "dataSourceKey": "nextGenS3Output",
      "dataReaderType":"S3File",
      "filePath":"s3a://********"
    },
    {
      "dataSourceKey": "feeScheduledAPI",
      "dataReaderType":"API",
      "urlPath":"https://********"
    }
  ],
  "prodParallelInput":{
    "fileSource":"nextGenS3Input",
    "fileType":"csv",
    "columns":["diffType","IsThereAnyDifference","ACCOUNT_NUM_FNB_NEW","ACCOUNT_NUM_SUNTEC"],
    "filter":[
      "diffType = 'Both'",
      "IsThereAnyDifference != 'Equal'"
    ],
    "conditionParamForAutoReasoning": "ACCOUNT_NUM_FNB_NEW => account_no, diffType => df, ACCOUNT_NUM_SUNTEC => account_no_suntec"
  },
  "autoReasoning":[
    {
      "column":"MKT_VAL",
      "autoReasoningSequence":[
        {
          "leftDataSource":{
            "dataSourceKey":"sunTecDB",
            "query":"SELECT account_no, mkt_value FROM public.test_suntec_table where account_no = #outputParam#",
            "sparkViewName":"sunTecPositionAggregationTable"
          },
          "rightDataSource":{
            "dataSourceKey":"nextGenDB",
            "query":"SELECT account_no, mkt_value FROM public.test_suntec_table where account_no = #outputParam#",
            "sparkViewName":"nextGenPositionAggregationTable"
          }
        }

      ],
      "resultFile":"nextGenS3Output"
    },
    {
      "column":"Due_Amount",
      "autoReasoningSequence":[
        {
          "leftDataSource":{
            "dataSourceKey":"sunTecDB",
            "query":"SELECT account_no, mkt_value FROM public.test_suntec_table where account_no = #outputParam#",
            "sparkViewName":"sunTecDueAmountTable"
          },
          "rightDataSource":{
            "dataSourceKey":"nextGenDB",
            "query":"SELECT account_no, mkt_value FROM public.test_suntec_table where account_no = #outputParam#",
            "sparkViewName":"nextGenDueAmountTable"
          }
        },
        {
          "leftDataSource":{
            "dataSourceKey":"sunTecDB",
            "query":"SELECT account_no, mkt_value FROM public.test_suntec_table where account_no = #outputParam#",
            "sparkViewName":"sunTecDueAmountTable"
          },
          "rightDataSource":{
            "dataSourceKey":"nextGenDB",
            "query":"SELECT account_no, mkt_value FROM public.test_suntec_table where account_no = #outputParam#",
            "sparkViewName":"nextGenDueAmountTable"
          }
        },
        {
          "leftDataSource":{
            "dataSourceKey":"feeScheduledAPI",
            "query":"/***/***",
            "filter":"queryParam=#outputParam#",
            "sparkViewName":"sunTecDueAmountTable"
          },
          "rightDataSource":{
            "dataSourceKey":"nextGenDB",
            "query":"SELECT account_no, mkt_value FROM public.test_suntec_table where account_no = #outputParam#",
            "sparkViewName":"nextGenDueAmountTable"
          }
        }

      ],
      "resultFile":"nextGenS3Output"
    }
  ]
}