<?xml version="1.0" encoding="UTF-8"?>
<project xmlns="http://maven.apache.org/POM/4.0.0" xmlns:xsi="http://www.w3.org/2001/XMLSchema-instance" xsi:schemaLocation="http://maven.apache.org/POM/4.0.0 http://maven.apache.org/maven-v4_0_0.xsd">
  <modelVersion>4.0.0</modelVersion>
  <groupId>fnb.validation</groupId>
  <artifactId>commonvalidation</artifactId>
  <version>1.0-SNAPSHOT</version>
  <build>
    <plugins>
      <plugin>
        <artifactId>maven-compiler-plugin</artifactId>
        <version>3.8.0</version>
        <configuration>
          <source>${java.version}</source>
          <target>${java.version}</target>
        </configuration>
      </plugin>
      <plugin>
        <groupId>org.codehaus.mojo</groupId>
        <artifactId>build-helper-maven-plugin</artifactId>
        <version>3.0.0</version>
        <executions>
          <execution>
            <id>add-source</id>
            <phase>generate-sources</phase>
            <goals>
              <goal>add-source</goal>
            </goals>
            <configuration>
              <sources>
                <source>src/main/scala</source>
              </sources>
            </configuration>
          </execution>
          <execution>
            <id>add-test-source</id>
            <phase>generate-test-sources</phase>
            <goals>
              <goal>add-test-source</goal>
            </goals>
            <configuration>
              <sources>
                <source>src/test/scala</source>
              </sources>
            </configuration>
          </execution>
        </executions>
      </plugin>
      <plugin>
        <groupId>net.alchim31.maven</groupId>
        <artifactId>scala-maven-plugin</artifactId>
        <version>4.8.0</version>
        <executions>
          <execution>
            <goals>
              <goal>compile</goal>
              <goal>testCompile</goal>
            </goals>
          </execution>
        </executions>
        <configuration>
          <args>
            <arg>-Ypartial-unification</arg>
            <arg>-Xlint:unsound-match</arg>
            <arg>-Ywarn-unused-import</arg>
            <arg>-Ywarn-dead-code</arg>
            <arg>-Ywarn-inaccessible</arg>
            <arg>-deprecation:false</arg>
            <arg>-feature:false</arg>
            <arg>-dependencyfile</arg>
            <arg>${project.build.directory}/.scala_dependencies</arg>
          </args>
        </configuration>
      </plugin>
      <plugin>
        <groupId>org.codehaus.mojo</groupId>
        <artifactId>exec-maven-plugin</artifactId>
        <version>1.6.0</version>
        <executions>
          <execution>
            <goals>
              <goal>java</goal>
            </goals>
          </execution>
        </executions>
        <configuration>
          <systemProperties>
            <systemProperty>
              <key>spark.master</key>
              <value>local[*]</value>
            </systemProperty>
            <systemProperty>
              <key>spark.app.name</key>
              <value>localrun</value>
            </systemProperty>
            <systemProperty>
              <key>org.xerial.snappy.lib.name</key>
              <value>libsnappyjava.jnilib</value>
            </systemProperty>
          </systemProperties>
        </configuration>
      </plugin>
      <plugin>
        <artifactId>maven-shade-plugin</artifactId>
        <version>3.2.4</version>
        <executions>
          <execution>
            <phase>package</phase>
            <goals>
              <goal>shade</goal>
            </goals>
          </execution>
        </executions>
        <configuration />
      </plugin>
      <plugin>
        <artifactId>maven-assembly-plugin</artifactId>
        <version>2.4</version>
        <executions>
          <execution>
            <phase>package</phase>
            <goals>
              <goal>single</goal>
            </goals>
          </execution>
        </executions>
        <configuration>
          <descriptorRefs>
            <descriptorRef>jar-with-dependencies</descriptorRef>
          </descriptorRefs>
        </configuration>
      </plugin>
      <plugin>
        <groupId>org.scalatest</groupId>
        <artifactId>scalatest-maven-plugin</artifactId>
        <version>2.2.0</version>
        <executions>
          <execution>
            <id>test</id>
            <phase>test</phase>
            <goals>
              <goal>test</goal>
            </goals>
          </execution>
        </executions>
      </plugin>
      <plugin>
        <groupId>org.scoverage</groupId>
        <artifactId>scoverage-maven-plugin</artifactId>
        <version>${scoverage.plugin.version}</version>
        <configuration>
          <aggregateOnly>true</aggregateOnly>
        </configuration>
      </plugin>
    </plugins>
  </build>
  <dependencies>
    <dependency>
      <groupId>org.scala-lang</groupId>
      <artifactId>scala-library</artifactId>
      <version>2.12.7</version>
      <scope>provided</scope>
    </dependency>
    <dependency>
      <groupId>org.scalatest</groupId>
      <artifactId>scalatest_2.12</artifactId>
      <version>3.2.15</version>
      <scope>test</scope>
      <exclusions>
        <exclusion>
          <artifactId>scalatest-core_2.12</artifactId>
          <groupId>org.scalatest</groupId>
        </exclusion>
        <exclusion>
          <artifactId>scalatest-featurespec_2.12</artifactId>
          <groupId>org.scalatest</groupId>
        </exclusion>
        <exclusion>
          <artifactId>scalatest-flatspec_2.12</artifactId>
          <groupId>org.scalatest</groupId>
        </exclusion>
        <exclusion>
          <artifactId>scalatest-freespec_2.12</artifactId>
          <groupId>org.scalatest</groupId>
        </exclusion>
        <exclusion>
          <artifactId>scalatest-funspec_2.12</artifactId>
          <groupId>org.scalatest</groupId>
        </exclusion>
        <exclusion>
          <artifactId>scalatest-propspec_2.12</artifactId>
          <groupId>org.scalatest</groupId>
        </exclusion>
        <exclusion>
          <artifactId>scalatest-refspec_2.12</artifactId>
          <groupId>org.scalatest</groupId>
        </exclusion>
        <exclusion>
          <artifactId>scalatest-wordspec_2.12</artifactId>
          <groupId>org.scalatest</groupId>
        </exclusion>
        <exclusion>
          <artifactId>scalatest-diagrams_2.12</artifactId>
          <groupId>org.scalatest</groupId>
        </exclusion>
        <exclusion>
          <artifactId>scalatest-matchers-core_2.12</artifactId>
          <groupId>org.scalatest</groupId>
        </exclusion>
        <exclusion>
          <artifactId>scalatest-shouldmatchers_2.12</artifactId>
          <groupId>org.scalatest</groupId>
        </exclusion>
        <exclusion>
          <artifactId>scalatest-mustmatchers_2.12</artifactId>
          <groupId>org.scalatest</groupId>
        </exclusion>
      </exclusions>
    </dependency>
    <dependency>
      <groupId>org.scalatest</groupId>
      <artifactId>scalatest-funsuite_2.12</artifactId>
      <version>3.2.15</version>
      <scope>test</scope>
      <exclusions>
        <exclusion>
          <artifactId>scalatest-core_2.12</artifactId>
          <groupId>org.scalatest</groupId>
        </exclusion>
      </exclusions>
    </dependency>
    <dependency>
      <groupId>cloud.localstack</groupId>
      <artifactId>localstack-utils</artifactId>
      <version>0.2.22</version>
      <scope>provided</scope>
    </dependency>
    <dependency>
      <groupId>org.apache.spark</groupId>
      <artifactId>spark-core_2.12</artifactId>
      <version>3.1.1</version>
      <scope>provided</scope>
    </dependency>
    <dependency>
      <groupId>org.apache.spark</groupId>
      <artifactId>spark-sql_2.12</artifactId>
      <version>3.1.1</version>
      <scope>provided</scope>
    </dependency>
    <dependency>
      <groupId>org.apache.spark</groupId>
      <artifactId>spark-catalyst_2.12</artifactId>
      <version>3.1.1</version>
      <scope>provided</scope>
    </dependency>
  </dependencies>
  <reporting>
    <plugins>
      <plugin>
        <groupId>org.scoverage</groupId>
        <artifactId>scoverage-maven-plugin</artifactId>
        <version>${scoverage.plugin.version}</version>
        <reportSets>
          <reportSet>
            <reports>
              <report>report</report>
            </reports>
          </reportSet>
        </reportSets>
      </plugin>
    </plugins>
  </reporting>
  <properties>
    <betterfile.version>3.9.1</betterfile.version>
    <java.version>11</java.version>
    <logback.logging>1.4.5</logback.logging>
    <maven.compiler.source>11</maven.compiler.source>
    <aws.sdk.version>2.16.1</aws.sdk.version>
    <circe.version>0.14.2</circe.version>
    <catstagless.version>0.14.0</catstagless.version>
    <scala.logging>3.9.5</scala.logging>
    <scala.test.version>3.2.15</scala.test.version>
    <cats.version>2.0.0-M4</cats.version>
    <circe.yaml.version>0.14.1</circe.yaml.version>
    <maven.compiler.target>11</maven.compiler.target>
    <spark.version>3.1.1</spark.version>
    <pureconfig.version>0.17.2</pureconfig.version>
    <slf4j.version>2.0.6</slf4j.version>
    <aws.java.sdk>1.12.400</aws.java.sdk>
    <scoverage.plugin.version>1.4.1</scoverage.plugin.version>
    <scala.version>2.12.7</scala.version>
  </properties>
</project>
